Text,Emotion
I'm feeling on top of the world!,happy
What a beautiful day!,happy
I'm so excited about this weekend!,happy
Life is treating me well.,happy
I can't stop smiling today.,happy
This brings me so much joy.,happy
That made my day!,happy
I love spending time with my family.,happy
Laughing with friends is the best.,happy
Everything feels perfect right now.,happy
This music lifts my mood.,happy
Vacation time makes me happy!,happy
Just got great news from work!,happy
Feeling cheerful and content.,happy
I’m loving every moment today.,happy
Happiness is a cup of coffee and a book.,happy
I passed my exam!,happy
My cat just did the funniest thing.,happy
I'm so grateful for this moment.,happy
This sunset is breathtaking.,happy
I'm feeling on top of the world!,happy
What a beautiful day!,happy
I'm so excited about this weekend!,happy
Life is treating me well.,happy
I can't stop smiling today.,happy
This brings me so much joy.,happy
That made my day!,happy
I love spending time with my family.,happy
Laughing with friends is the best.,happy
Everything feels perfect right now.,happy
This music lifts my mood.,happy
Vacation time makes me happy!,happy
Just got great news from work!,happy
Feeling cheerful and content.,happy
I’m loving every moment today.,happy
Happiness is a cup of coffee and a book.,happy
I passed my exam!,happy
My cat just did the funniest thing.,happy
I'm so grateful for this moment.,happy
This sunset is breathtaking.,happy
I'm feeling on top of the world!,happy
What a beautiful day!,happy
I'm so excited about this weekend!,happy
Life is treating me well.,happy
I can't stop smiling today.,happy
This brings me so much joy.,happy
That made my day!,happy
I love spending time with my family.,happy
Laughing with friends is the best.,happy
Everything feels perfect right now.,happy
This music lifts my mood.,happy
Vacation time makes me happy!,happy
Just got great news from work!,happy
Feeling cheerful and content.,happy
I’m loving every moment today.,happy
Happiness is a cup of coffee and a book.,happy
I passed my exam!,happy
My cat just did the funniest thing.,happy
I'm so grateful for this moment.,happy
This sunset is breathtaking.,happy
I'm feeling on top of the world!,happy
What a beautiful day!,happy
I'm so excited about this weekend!,happy
Life is treating me well.,happy
I can't stop smiling today.,happy
This brings me so much joy.,happy
That made my day!,happy
I love spending time with my family.,happy
Laughing with friends is the best.,happy
Everything feels perfect right now.,happy
This music lifts my mood.,happy
Vacation time makes me happy!,happy
Just got great news from work!,happy
Feeling cheerful and content.,happy
I’m loving every moment today.,happy
Happiness is a cup of coffee and a book.,happy
I passed my exam!,happy
My cat just did the funniest thing.,happy
I'm so grateful for this moment.,happy
This sunset is breathtaking.,happy
I'm feeling on top of the world!,happy
What a beautiful day!,happy
I'm so excited about this weekend!,happy
Life is treating me well.,happy
I can't stop smiling today.,happy
This brings me so much joy.,happy
That made my day!,happy
I love spending time with my family.,happy
Laughing with friends is the best.,happy
Everything feels perfect right now.,happy
This music lifts my mood.,happy
Vacation time makes me happy!,happy
Just got great news from work!,happy
Feeling cheerful and content.,happy
I’m loving every moment today.,happy
Happiness is a cup of coffee and a book.,happy
I passed my exam!,happy
My cat just did the funniest thing.,happy
I'm so grateful for this moment.,happy
This sunset is breathtaking.,happy
I feel so alone right now.,sad
Nothing is going right.,sad
I'm overwhelmed with emotions.,sad
I miss the way things used to be.,sad
Tears just keep coming.,sad
I'm struggling to keep it together.,sad
I feel like giving up.,sad
Why does everything hurt?,sad
I’m exhausted emotionally.,sad
I just want to be left alone.,sad
There’s a heavy weight on my chest.,sad
The silence is deafening.,sad
It's hard to get out of bed.,sad
I failed again.,sad
Nobody understands me.,sad
I’ve lost all motivation.,sad
My heart feels heavy.,sad
I don’t want to talk to anyone.,sad
Everything seems pointless.,sad
I wish I could disappear.,sad
I feel so alone right now.,sad
Nothing is going right.,sad
I'm overwhelmed with emotions.,sad
I miss the way things used to be.,sad
Tears just keep coming.,sad
I'm struggling to keep it together.,sad
I feel like giving up.,sad
Why does everything hurt?,sad
I’m exhausted emotionally.,sad
I just want to be left alone.,sad
There’s a heavy weight on my chest.,sad
The silence is deafening.,sad
It's hard to get out of bed.,sad
I failed again.,sad
Nobody understands me.,sad
I’ve lost all motivation.,sad
My heart feels heavy.,sad
I don’t want to talk to anyone.,sad
Everything seems pointless.,sad
I wish I could disappear.,sad
I feel so alone right now.,sad
Nothing is going right.,sad
I'm overwhelmed with emotions.,sad
I miss the way things used to be.,sad
Tears just keep coming.,sad
I'm struggling to keep it together.,sad
I feel like giving up.,sad
Why does everything hurt?,sad
I’m exhausted emotionally.,sad
I just want to be left alone.,sad
There’s a heavy weight on my chest.,sad
The silence is deafening.,sad
It's hard to get out of bed.,sad
I failed again.,sad
Nobody understands me.,sad
I’ve lost all motivation.,sad
My heart feels heavy.,sad
I don’t want to talk to anyone.,sad
Everything seems pointless.,sad
I wish I could disappear.,sad
I feel so alone right now.,sad
Nothing is going right.,sad
I'm overwhelmed with emotions.,sad
I miss the way things used to be.,sad
Tears just keep coming.,sad
I'm struggling to keep it together.,sad
I feel like giving up.,sad
Why does everything hurt?,sad
I’m exhausted emotionally.,sad
I just want to be left alone.,sad
There’s a heavy weight on my chest.,sad
The silence is deafening.,sad
It's hard to get out of bed.,sad
I failed again.,sad
Nobody understands me.,sad
I’ve lost all motivation.,sad
My heart feels heavy.,sad
I don’t want to talk to anyone.,sad
Everything seems pointless.,sad
I wish I could disappear.,sad
I feel so alone right now.,sad
Nothing is going right.,sad
I'm overwhelmed with emotions.,sad
I miss the way things used to be.,sad
Tears just keep coming.,sad
I'm struggling to keep it together.,sad
I feel like giving up.,sad
Why does everything hurt?,sad
I’m exhausted emotionally.,sad
I just want to be left alone.,sad
There’s a heavy weight on my chest.,sad
The silence is deafening.,sad
It's hard to get out of bed.,sad
I failed again.,sad
Nobody understands me.,sad
I’ve lost all motivation.,sad
My heart feels heavy.,sad
I don’t want to talk to anyone.,sad
Everything seems pointless.,sad
I wish I could disappear.,sad
Why do people always let me down?,angry
I'm beyond furious right now!,angry
This is absolutely unacceptable!,angry
I can't believe they did that!,angry
My patience is wearing thin.,angry
This makes my blood boil.,angry
I’m so done with this nonsense.,angry
Stop messing with me!,angry
This is getting on my nerves.,angry
I can’t handle this anymore!,angry
Why can’t they listen?,angry
I’m not going to tolerate this.,angry
Back off before I lose it.,angry
I hate when this happens!,angry
I’m shouting inside!,angry
This situation is absurd!,angry
You’re pushing me to my limits.,angry
I'm frustrated beyond words.,angry
That was completely out of line.,angry
How dare you!,angry
Why do people always let me down?,angry
I'm beyond furious right now!,angry
This is absolutely unacceptable!,angry
I can't believe they did that!,angry
My patience is wearing thin.,angry
This makes my blood boil.,angry
I’m so done with this nonsense.,angry
Stop messing with me!,angry
This is getting on my nerves.,angry
I can’t handle this anymore!,angry
Why can’t they listen?,angry
I’m not going to tolerate this.,angry
Back off before I lose it.,angry
I hate when this happens!,angry
I’m shouting inside!,angry
This situation is absurd!,angry
You’re pushing me to my limits.,angry
I'm frustrated beyond words.,angry
That was completely out of line.,angry
How dare you!,angry
Why do people always let me down?,angry
I'm beyond furious right now!,angry
This is absolutely unacceptable!,angry
I can't believe they did that!,angry
My patience is wearing thin.,angry
This makes my blood boil.,angry
I’m so done with this nonsense.,angry
Stop messing with me!,angry
This is getting on my nerves.,angry
I can’t handle this anymore!,angry
Why can’t they listen?,angry
I’m not going to tolerate this.,angry
Back off before I lose it.,angry
I hate when this happens!,angry
I’m shouting inside!,angry
This situation is absurd!,angry
You’re pushing me to my limits.,angry
I'm frustrated beyond words.,angry
That was completely out of line.,angry
How dare you!,angry
Why do people always let me down?,angry
I'm beyond furious right now!,angry
This is absolutely unacceptable!,angry
I can't believe they did that!,angry
My patience is wearing thin.,angry
This makes my blood boil.,angry
I’m so done with this nonsense.,angry
Stop messing with me!,angry
This is getting on my nerves.,angry
I can’t handle this anymore!,angry
Why can’t they listen?,angry
I’m not going to tolerate this.,angry
Back off before I lose it.,angry
I hate when this happens!,angry
I’m shouting inside!,angry
This situation is absurd!,angry
You’re pushing me to my limits.,angry
I'm frustrated beyond words.,angry
That was completely out of line.,angry
How dare you!,angry
Why do people always let me down?,angry
I'm beyond furious right now!,angry
This is absolutely unacceptable!,angry
I can't believe they did that!,angry
My patience is wearing thin.,angry
This makes my blood boil.,angry
I’m so done with this nonsense.,angry
Stop messing with me!,angry
This is getting on my nerves.,angry
I can’t handle this anymore!,angry
Why can’t they listen?,angry
I’m not going to tolerate this.,angry
Back off before I lose it.,angry
I hate when this happens!,angry
I’m shouting inside!,angry
This situation is absurd!,angry
You’re pushing me to my limits.,angry
I'm frustrated beyond words.,angry
That was completely out of line.,angry
How dare you!,angry
Whoa! That came out of nowhere!,surprised
I did not see that coming!,surprised
What a twist!,surprised
You’ve got to be kidding me!,surprised
That was unexpected!,surprised
No way that just happened!,surprised
Seriously?!,surprised
I’m in shock right now.,surprised
This blew my mind!,surprised
I didn’t expect that outcome.,surprised
What just happened?,surprised
That’s a surprise for sure!,surprised
"Wow, I’m speechless!",surprised
Is this real?,surprised
That caught me completely off guard.,surprised
My jaw just dropped.,surprised
I’m stunned.,surprised
"Well, that was unexpected!",surprised
Oh my goodness!,surprised
I can’t believe my eyes!,surprised
Whoa! That came out of nowhere!,surprised
I did not see that coming!,surprised
What a twist!,surprised
You’ve got to be kidding me!,surprised
That was unexpected!,surprised
No way that just happened!,surprised
Seriously?!,surprised
I’m in shock right now.,surprised
This blew my mind!,surprised
I didn’t expect that outcome.,surprised
What just happened?,surprised
That’s a surprise for sure!,surprised
"Wow, I’m speechless!",surprised
Is this real?,surprised
That caught me completely off guard.,surprised
My jaw just dropped.,surprised
I’m stunned.,surprised
"Well, that was unexpected!",surprised
Oh my goodness!,surprised
I can’t believe my eyes!,surprised
Whoa! That came out of nowhere!,surprised
I did not see that coming!,surprised
What a twist!,surprised
You’ve got to be kidding me!,surprised
That was unexpected!,surprised
No way that just happened!,surprised
Seriously?!,surprised
I’m in shock right now.,surprised
This blew my mind!,surprised
I didn’t expect that outcome.,surprised
What just happened?,surprised
That’s a surprise for sure!,surprised
"Wow, I’m speechless!",surprised
Is this real?,surprised
That caught me completely off guard.,surprised
My jaw just dropped.,surprised
I’m stunned.,surprised
"Well, that was unexpected!",surprised
Oh my goodness!,surprised
I can’t believe my eyes!,surprised
Whoa! That came out of nowhere!,surprised
I did not see that coming!,surprised
What a twist!,surprised
You’ve got to be kidding me!,surprised
That was unexpected!,surprised
No way that just happened!,surprised
Seriously?!,surprised
I’m in shock right now.,surprised
This blew my mind!,surprised
I didn’t expect that outcome.,surprised
What just happened?,surprised
That’s a surprise for sure!,surprised
"Wow, I’m speechless!",surprised
Is this real?,surprised
That caught me completely off guard.,surprised
My jaw just dropped.,surprised
I’m stunned.,surprised
"Well, that was unexpected!",surprised
Oh my goodness!,surprised
I can’t believe my eyes!,surprised
Whoa! That came out of nowhere!,surprised
I did not see that coming!,surprised
What a twist!,surprised
You’ve got to be kidding me!,surprised
That was unexpected!,surprised
No way that just happened!,surprised
Seriously?!,surprised
I’m in shock right now.,surprised
This blew my mind!,surprised
I didn’t expect that outcome.,surprised
What just happened?,surprised
That’s a surprise for sure!,surprised
"Wow, I’m speechless!",surprised
Is this real?,surprised
That caught me completely off guard.,surprised
My jaw just dropped.,surprised
I’m stunned.,surprised
"Well, that was unexpected!",surprised
Oh my goodness!,surprised
I can’t believe my eyes!,surprised
I’m scared of what's next.,fear
My heart is racing with fear.,fear
I feel like something bad is about to happen.,fear
What if I fail?,fear
I’m shaking just thinking about it.,fear
I can't breathe properly.,fear
I'm terrified of the dark.,fear
My palms are sweaty from anxiety.,fear
I can’t stop worrying.,fear
The sound scared me to death!,fear
I fear losing everything.,fear
This situation gives me chills.,fear
I’m frozen in fear.,fear
I feel completely helpless.,fear
I’m afraid to speak up.,fear
I dread what’s coming.,fear
Why do I feel so unsafe?,fear
I’m having a panic attack.,fear
The fear is paralyzing.,fear
My mind is full of terrible thoughts.,fear
I’m scared of what's next.,fear
My heart is racing with fear.,fear
I feel like something bad is about to happen.,fear
What if I fail?,fear
I’m shaking just thinking about it.,fear
I can't breathe properly.,fear
I'm terrified of the dark.,fear
My palms are sweaty from anxiety.,fear
I can’t stop worrying.,fear
The sound scared me to death!,fear
I fear losing everything.,fear
This situation gives me chills.,fear
I’m frozen in fear.,fear
I feel completely helpless.,fear
I’m afraid to speak up.,fear
I dread what’s coming.,fear
Why do I feel so unsafe?,fear
I’m having a panic attack.,fear
The fear is paralyzing.,fear
My mind is full of terrible thoughts.,fear
I’m scared of what's next.,fear
My heart is racing with fear.,fear
I feel like something bad is about to happen.,fear
What if I fail?,fear
I’m shaking just thinking about it.,fear
I can't breathe properly.,fear
I'm terrified of the dark.,fear
My palms are sweaty from anxiety.,fear
I can’t stop worrying.,fear
The sound scared me to death!,fear
I fear losing everything.,fear
This situation gives me chills.,fear
I’m frozen in fear.,fear
I feel completely helpless.,fear
I’m afraid to speak up.,fear
I dread what’s coming.,fear
Why do I feel so unsafe?,fear
I’m having a panic attack.,fear
The fear is paralyzing.,fear
My mind is full of terrible thoughts.,fear
I’m scared of what's next.,fear
My heart is racing with fear.,fear
I feel like something bad is about to happen.,fear
What if I fail?,fear
I’m shaking just thinking about it.,fear
I can't breathe properly.,fear
I'm terrified of the dark.,fear
My palms are sweaty from anxiety.,fear
I can’t stop worrying.,fear
The sound scared me to death!,fear
I fear losing everything.,fear
This situation gives me chills.,fear
I’m frozen in fear.,fear
I feel completely helpless.,fear
I’m afraid to speak up.,fear
I dread what’s coming.,fear
Why do I feel so unsafe?,fear
I’m having a panic attack.,fear
The fear is paralyzing.,fear
My mind is full of terrible thoughts.,fear
I’m scared of what's next.,fear
My heart is racing with fear.,fear
I feel like something bad is about to happen.,fear
What if I fail?,fear
I’m shaking just thinking about it.,fear
I can't breathe properly.,fear
I'm terrified of the dark.,fear
My palms are sweaty from anxiety.,fear
I can’t stop worrying.,fear
The sound scared me to death!,fear
I fear losing everything.,fear
This situation gives me chills.,fear
I’m frozen in fear.,fear
I feel completely helpless.,fear
I’m afraid to speak up.,fear
I dread what’s coming.,fear
Why do I feel so unsafe?,fear
I’m having a panic attack.,fear
The fear is paralyzing.,fear
My mind is full of terrible thoughts.,fear
I can't stop thinking about them.,love
This moment feels magical.,love
My heart skips a beat around you.,love
Being with you is everything.,love
I adore the way you smile.,love
I'm head over heels in love.,love
You mean the world to me.,love
I cherish every moment with you.,love
Love is in the air!,love
This is what happiness looks like.,love
I’m falling deeper every day.,love
Your love completes me.,love
We were meant to be.,love
You’re my sunshine.,love
I’m always here for you.,love
My heart is yours.,love
Every love song reminds me of you.,love
Let’s stay like this forever.,love
I never knew love until I met you.,love
You are my everything.,love
I can't stop thinking about them.,love
This moment feels magical.,love
My heart skips a beat around you.,love
Being with you is everything.,love
I adore the way you smile.,love
I'm head over heels in love.,love
You mean the world to me.,love
I cherish every moment with you.,love
Love is in the air!,love
This is what happiness looks like.,love
I’m falling deeper every day.,love
Your love completes me.,love
We were meant to be.,love
You’re my sunshine.,love
I’m always here for you.,love
My heart is yours.,love
Every love song reminds me of you.,love
Let’s stay like this forever.,love
I never knew love until I met you.,love
You are my everything.,love
I can't stop thinking about them.,love
This moment feels magical.,love
My heart skips a beat around you.,love
Being with you is everything.,love
I adore the way you smile.,love
I'm head over heels in love.,love
You mean the world to me.,love
I cherish every moment with you.,love
Love is in the air!,love
This is what happiness looks like.,love
I’m falling deeper every day.,love
Your love completes me.,love
We were meant to be.,love
You’re my sunshine.,love
I’m always here for you.,love
My heart is yours.,love
Every love song reminds me of you.,love
Let’s stay like this forever.,love
I never knew love until I met you.,love
You are my everything.,love
I can't stop thinking about them.,love
This moment feels magical.,love
My heart skips a beat around you.,love
Being with you is everything.,love
I adore the way you smile.,love
I'm head over heels in love.,love
You mean the world to me.,love
I cherish every moment with you.,love
Love is in the air!,love
This is what happiness looks like.,love
I’m falling deeper every day.,love
Your love completes me.,love
We were meant to be.,love
You’re my sunshine.,love
I’m always here for you.,love
My heart is yours.,love
Every love song reminds me of you.,love
Let’s stay like this forever.,love
I never knew love until I met you.,love
You are my everything.,love
I can't stop thinking about them.,love
This moment feels magical.,love
My heart skips a beat around you.,love
Being with you is everything.,love
I adore the way you smile.,love
I'm head over heels in love.,love
You mean the world to me.,love
I cherish every moment with you.,love
Love is in the air!,love
This is what happiness looks like.,love
I’m falling deeper every day.,love
Your love completes me.,love
We were meant to be.,love
You’re my sunshine.,love
I’m always here for you.,love
My heart is yours.,love
Every love song reminds me of you.,love
Let’s stay like this forever.,love
I never knew love until I met you.,love
You are my everything.,love
